{"cameraMode":{"drawMode":0,"name":"Shaded","section":"Shading Mode"},"sceneLighting":false,"audioPlay":false,"sceneViewState":{"showFog":true,"showMaterialUpdate":false,"showSkybox":false,"showFlares":true,"showImageEffects":true,"showParticleSystems":true},"in2DMode":false,"pivot":{"x":0.0,"y":-0.09811365604400635,"z":-0.3068430423736572},"rotation":{"x":0.06504272669553757,"y":0.16539104282855988,"z":0.010906004346907139,"w":-0.98415607213974},"size":4.825516700744629,"orthographic":false}