{"cameraMode":{"drawMode":0,"name":"Shaded","section":"Shading Mode"},"sceneLighting":false,"audioPlay":false,"sceneViewState":{"showFog":true,"showMaterialUpdate":false,"showSkybox":true,"showFlares":true,"showImageEffects":true,"showParticleSystems":true},"in2DMode":false,"pivot":{"x":16.9483642578125,"y":3.2151005268096926,"z":-52.05467987060547},"rotation":{"x":-0.026089191436767579,"y":0.14867332577705384,"z":-0.0021431753411889078,"w":-0.9889904856681824},"size":14.32825756072998,"orthographic":true}