{"cameraMode":{"drawMode":0,"name":"Shaded","section":"Shading Mode"},"sceneLighting":true,"audioPlay":false,"sceneViewState":{"showFog":false,"showMaterialUpdate":false,"showSkybox":false,"showFlares":false,"showImageEffects":false,"showParticleSystems":false},"in2DMode":false,"pivot":{"x":1.2200000286102296,"y":1.0,"z":-15.0600004196167},"rotation":{"x":-0.02520586922764778,"y":0.008694343268871308,"z":-0.0002190486848121509,"w":-0.9996445178985596},"size":3.671173572540283,"orthographic":false}